file,stem,k,n,status_text,status,objective_total,objective_avg_per_point,runtime_sec,mip_gap,lower_bound,upper_bound,medoids_1based,fail_reason
2-FACE.i,2-FACE,3,200.0,OK,2.0,135.5569874015231,0.6777849370076154,0.8886499404907227,0.0,135.55698740152306,135.5569874015231,17 50 69,
2-FACE.i,2-FACE,4,200.0,OK,2.0,118.51361713860527,0.5925680856930263,0.8252341747283936,0.0,118.51361713860527,118.51361713860527,17 51 58 155,
2-FACE.i,2-FACE,5,200.0,OK,2.0,102.73373373720395,0.5136686686860198,0.7478330135345459,0.0,102.73373373720395,102.73373373720395,17 47 59 107 155,
2-FACE.i,2-FACE,6,200.0,OK,2.0,91.03751659891444,0.4551875829945722,0.7487630844116211,0.0,91.03751659891435,91.03751659891444,17 86 107 155 187 195,
200DATA.I,200DATA,3,200.0,OK,2.0,74.35098739041584,0.3717549369520792,0.8968160152435303,0.0,74.35098739041584,74.35098739041584,66 130 172,
200DATA.I,200DATA,4,200.0,OK,2.0,53.120501229445466,0.26560250614722736,0.6687910556793213,0.0,53.12050122944546,53.120501229445466,55 58 130 172,
200DATA.I,200DATA,5,200.0,OK,2.0,46.69880920966305,0.23349404604831522,0.6790218353271484,0.0,46.69880920966305,46.69880920966305,54 62 64 130 172,
200DATA.I,200DATA,6,200.0,OK,2.0,42.6180873076163,0.2130904365380815,0.6646909713745117,0.0,42.6180873076163,42.6180873076163,42 55 56 70 130 172,
400p3c.i,400p3c,3,400.0,OK,2.0,112.12287452380788,0.2803071863095197,4.329428195953369,0.0,112.12287452380782,112.12287452380788,103 238 344,
400p3c.i,400p3c,4,400.0,OK,2.0,95.65320476691949,0.23913301191729872,4.396942853927612,0.0,95.65320476691944,95.65320476691949,103 251 283 344,
400p3c.i,400p3c,5,400.0,OK,2.0,85.16767509165274,0.21291918772913185,4.282228946685791,0.0,85.16767509165267,85.16767509165274,152 176 251 283 344,
400p3c.i,400p3c,6,400.0,OK,2.0,77.28525476543851,0.19321313691359626,3.601407051086426,0.0,77.28525476543848,77.28525476543851,75 94 142 251 283 344,
A1.I,A1,3,3000.0,FAILED_PROCESS,,,,,,,,,exitcode=-9
A1.I,A1,4,3000.0,FAILED_PROCESS,,,,,,,,,exitcode=-9
A1.I,A1,5,3000.0,FAILED_PROCESS,,,,,,,,,exitcode=-9
A1.I,A1,6,3000.0,FAILED_PROCESS,,,,,,,,,exitcode=-9
BreastB.I,BreastB,3,49.0,OK,2.0,1877.108986705859,38.30834666746651,0.027512073516845703,0.0,1877.108986705859,1877.108986705859,8 12 14,
BreastB.I,BreastB,4,49.0,OK,2.0,1810.4371770504483,36.947697490825476,0.02085590362548828,0.0,1810.4371770504483,1810.4371770504483,8 12 14 19,
BreastB.I,BreastB,5,49.0,OK,2.0,1750.5118119515428,35.72473085615393,0.04862380027770996,0.0,1750.5118119515428,1750.5118119515428,8 11 12 14 19,
BreastB.I,BreastB,6,49.0,OK,2.0,1692.2110002260215,34.53491837195962,0.041857004165649414,0.0,1692.2110002260215,1692.2110002260215,8 11 12 14 19 35,
Compound.I,Compound,3,399.0,OK,2.0,223.73909206440592,0.5607496041714434,4.249247074127197,0.0,223.7390920644059,223.73909206440592,103 193 394,
Compound.I,Compound,4,399.0,OK,2.0,197.29169481270742,0.4944654005331013,4.178905963897705,0.0,197.29169481270736,197.29169481270742,103 193 248 374,
Compound.I,Compound,5,399.0,OK,2.0,176.32269210500857,0.4419115090351092,3.9501121044158936,0.0,176.32269210500854,176.32269210500857,71 140 193 247 312,
Compound.I,Compound,6,399.0,OK,2.0,159.73539152805685,0.4003393271379871,4.020972967147827,0.0,159.73539152805682,159.73539152805685,71 140 167 210 247 312,
Concrete_Data.i,Concrete_Data,3,1030.0,OK,2.0,2546.503937551288,2.472333919952707,116.3168580532074,9.851905520092884e-05,2546.253058389295,2546.503937551288,292 602 960,
Concrete_Data.i,Concrete_Data,4,1030.0,OK,2.0,2368.4310209582777,2.2994475931633764,65.10128617286682,0.0,2368.4310209582773,2368.4310209582777,292 695 761 998,
Concrete_Data.i,Concrete_Data,5,1030.0,OK,2.0,2240.779374952577,2.175513956264638,75.36051893234253,6.39438148018468e-05,2240.6360909712134,2240.779374952577,117 292 645 695 861,
Concrete_Data.i,Concrete_Data,6,1030.0,OK,2.0,2123.0010872105877,2.0611661040879494,103.86875104904175,7.11827653927864e-05,2122.849966122268,2123.0010872105877,61 117 292 695 729 861,
DBLCA.I,DBLCA,3,141.0,OK,2.0,3841.8710612342343,27.24731249102294,0.18519902229309082,0.0,3841.871061234234,3841.8710612342343,28 79 117,
DBLCA.I,DBLCA,4,141.0,OK,2.0,3774.2259405553505,26.767559862094686,0.30872106552124023,0.0,3774.2259405553496,3774.2259405553505,28 79 101 125,
DBLCA.I,DBLCA,5,141.0,OK,2.0,3709.8343559603936,26.31088195716591,0.30284905433654785,0.0,3709.834355960393,3709.8343559603936,28 51 64 101 125,
DBLCA.I,DBLCA,6,141.0,OK,2.0,3651.2716981386357,25.89554395843004,0.15520811080932617,0.0,3651.271698138634,3651.2716981386357,28 51 64 101 109 125,
DBLCB.I,DBLCB,3,180.0,OK,2.0,4893.133093201024,27.18407274000569,1.085824966430664,0.0,4893.133093201024,4893.133093201024,1 104 170,
DBLCB.I,DBLCB,4,180.0,OK,2.0,4750.308612856369,26.390603404757606,0.6368839740753174,0.0,4750.308612856369,4750.308612856369,1 67 152 167,
DBLCB.I,DBLCB,5,180.0,OK,2.0,4667.576377061431,25.93097987256351,0.6833310127258301,0.0,4667.576377061431,4667.576377061431,1 67 104 152 167,
DBLCB.I,DBLCB,6,180.0,OK,2.0,4589.562785218511,25.497571028991725,0.532512903213501,0.0,4589.562785218511,4589.562785218511,1 42 67 104 152 169,
DOWJONES.I,DOWJONES,3,750.0,OK,2.0,471.29827917417,0.62839770556556,13.260571956634521,0.0,471.29827917416986,471.29827917417,637 705 733,
DOWJONES.I,DOWJONES,4,750.0,OK,2.0,348.37894377009206,0.46450525836012274,16.3437979221344,0.0,348.378943770092,348.37894377009206,130 209 531 608,
DOWJONES.I,DOWJONES,5,750.0,OK,2.0,246.34881184441107,0.32846508245921474,14.032209873199463,0.0,246.34881184441093,246.34881184441107,130 528 531 694 706,
DOWJONES.I,DOWJONES,6,750.0,OK,2.0,202.28281829286766,0.2697104243904902,18.0073139667511,0.0,202.28281829286766,202.28281829286766,130 450 528 531 605 688,
Gamma400.i,Gamma400,3,,READ_FAIL,,,,,,,,,Falha ao ler instances/general/Gamma400.i com separadores/decimais conhecidos.
Gamma400.i,Gamma400,4,,READ_FAIL,,,,,,,,,Falha ao ler instances/general/Gamma400.i com separadores/decimais conhecidos.
Gamma400.i,Gamma400,5,,READ_FAIL,,,,,,,,,Falha ao ler instances/general/Gamma400.i com separadores/decimais conhecidos.
Gamma400.i,Gamma400,6,,READ_FAIL,,,,,,,,,Falha ao ler instances/general/Gamma400.i com separadores/decimais conhecidos.
Normal300.i,Normal300,3,300.0,OK,2.0,245.7793755632386,0.8192645852107954,2.698050022125244,0.0,245.7793755632386,245.7793755632386,185 221 276,
Normal300.i,Normal300,4,300.0,OK,2.0,214.91436340700983,0.7163812113566994,2.145043134689331,0.0,214.9143634070098,214.91436340700983,58 128 213 233,
Normal300.i,Normal300,5,300.0,OK,2.0,196.9891760491911,0.6566305868306369,2.455965995788574,0.0,196.98917604919106,196.9891760491911,49 120 128 179 215,
Normal300.i,Normal300,6,300.0,OK,2.0,181.4295334054174,0.6047651113513913,2.2771241664886475,0.0,181.42953340541726,181.4295334054174,57 123 128 180 237 258,
PARKINSONS.i,PARKINSONS,3,195.0,OK,2.0,667.2698789880317,3.4218968153232394,0.85270094871521,0.0,667.2698789880315,667.2698789880317,149 162 178,
PARKINSONS.i,PARKINSONS,4,195.0,OK,2.0,615.5808108318158,3.156824670932389,0.6145498752593994,0.0,615.5808108318157,615.5808108318158,63 149 162 178,
PARKINSONS.i,PARKINSONS,5,195.0,OK,2.0,588.4961580941347,3.0179290158673573,1.4040870666503906,0.0,588.4961580941347,588.4961580941347,63 72 149 162 178,
PARKINSONS.i,PARKINSONS,6,195.0,OK,2.0,562.079313756936,2.8824580192663385,1.257120132446289,0.0,562.079313756936,562.079313756936,17 63 82 138 149 179,
PIB_MINAS.i,PIB_MINAS,3,,READ_FAIL,,,,,,,,,Falha ao ler instances/general/PIB_MINAS.i com separadores/decimais conhecidos.
PIB_MINAS.i,PIB_MINAS,4,,READ_FAIL,,,,,,,,,Falha ao ler instances/general/PIB_MINAS.i com separadores/decimais conhecidos.
PIB_MINAS.i,PIB_MINAS,5,,READ_FAIL,,,,,,,,,Falha ao ler instances/general/PIB_MINAS.i com separadores/decimais conhecidos.
PIB_MINAS.i,PIB_MINAS,6,,READ_FAIL,,,,,,,,,Falha ao ler instances/general/PIB_MINAS.i com separadores/decimais conhecidos.
Prima_Indians.i,Prima_Indians,3,569.0,OK,2.0,1257.5990235785239,2.210191605586158,13.249084949493408,0.0,1257.5990235785234,1257.5990235785239,96 117 390,
Prima_Indians.i,Prima_Indians,4,569.0,OK,2.0,1189.0670981641042,2.089748854418461,17.812012910842896,0.0,1189.0670981641042,1189.0670981641042,96 117 123 225,
Prima_Indians.i,Prima_Indians,5,569.0,OK,2.0,1134.1947032271307,1.993312307956293,28.637901067733765,8.784199590222137e-05,1134.0950733006575,1134.1947032271307,96 123 148 225 338,
Prima_Indians.i,Prima_Indians,6,569.0,OK,2.0,1081.3565627342098,1.9004509011146042,17.112607955932617,4.355088769172479e-05,1081.3094686959914,1081.3565627342098,96 123 148 225 262 338,
SPRDESP.I,SPRDESP,3,645.0,OK,2.0,441.8196861048108,0.6849917614028074,11.107485055923462,0.0,441.8196861048108,441.8196861048108,136 310 568,
SPRDESP.I,SPRDESP,4,645.0,OK,2.0,399.4917036100196,0.6193669823411156,13.196449995040894,0.0,399.49170361001916,399.4917036100196,163 217 568 626,
SPRDESP.I,SPRDESP,5,645.0,OK,2.0,363.4680641358094,0.5635163785051309,36.20093107223511,3.191721717227224e-11,363.4680641242085,363.4680641358094,35 110 166 190 568,
SPRDESP.I,SPRDESP,6,645.0,OK,2.0,330.1011441367009,0.5117847195917843,35.672278881073,7.197356547620485e-05,330.0773855803896,330.1011441367009,35 93 248 428 467 470,
TRIPADVISOR.I,TRIPADVISOR,3,980.0,OK,2.0,2561.588497093403,2.6138658133606154,117.167897939682,0.0,2561.588497093403,2561.588497093403,78 591 620,
TRIPADVISOR.I,TRIPADVISOR,4,980.0,OK,2.0,2445.0425519609853,2.4949413795520257,74.23667812347412,0.0,2445.0425519609853,2445.0425519609853,78 513 583 620,
TRIPADVISOR.I,TRIPADVISOR,5,980.0,OK,2.0,2366.1815564734593,2.414470975993326,194.74330592155457,0.0,2366.1815564734593,2366.1815564734593,57 591 620 930 957,
TRIPADVISOR.I,TRIPADVISOR,6,980.0,OK,2.0,2303.007361324114,2.3500075115552184,230.4520628452301,0.0,2303.007361324114,2303.007361324114,57 579 620 750 930 957,
Uniform400.i,Uniform400,3,400.0,OK,2.0,318.4672094504351,0.7961680236260879,10.565019845962524,0.0,318.4672094504351,318.4672094504351,139 287 370,
Uniform400.i,Uniform400,4,400.0,OK,2.0,262.3830553050509,0.6559576382626272,6.539682149887085,0.0,262.3830553050509,262.3830553050509,34 151 260 378,
Uniform400.i,Uniform400,5,400.0,OK,2.0,238.8759484865093,0.5971898712162732,7.724295139312744,0.0,238.87594848650915,238.8759484865093,48 57 151 153 260,
Uniform400.i,Uniform400,6,400.0,OK,2.0,217.38657451286167,0.5434664362821542,7.69766092300415,0.0,217.38657451286167,217.38657451286167,87 104 124 164 166 282,
Uniform700.i,Uniform700,3,700.0,OK,2.0,548.0963533866932,0.7829947905524188,11.357017993927002,0.0,548.0963533866927,548.0963533866932,174 303 328,
Uniform700.i,Uniform700,4,700.0,OK,2.0,460.49788529868005,0.6578541218552572,12.554228067398071,0.0,460.49788529868,460.49788529868005,55 172 197 540,
Uniform700.i,Uniform700,5,700.0,OK,2.0,419.3417018513329,0.5990595740733328,30.998918056488037,1.366755894977473e-05,419.33597047390276,419.3417018513329,55 201 297 473 529,
Uniform700.i,Uniform700,6,700.0,OK,2.0,382.44503707131446,0.5463500529590206,45.84830713272095,0.0,382.44503707131446,382.44503707131446,28 137 297 473 529 574,
aggregation.I,aggregation,3,788.0,OK,2.0,530.9547814861367,0.6738004841194628,12.823004007339478,0.0,530.9547814861367,530.9547814861367,126 351 605,
aggregation.I,aggregation,4,788.0,OK,2.0,421.8348415704818,0.5353234030082256,15.788286924362183,0.0,421.8348415704818,421.8348415704818,126 351 525 626,
aggregation.I,aggregation,5,788.0,OK,2.0,369.7755634295882,0.46925832922536576,13.671953916549683,0.0,369.77556342958803,369.7755634295882,126 235 392 525 626,
aggregation.I,aggregation,6,788.0,OK,2.0,334.09150596648834,0.42397399234325933,18.228025913238525,0.0,334.09150596648817,334.09150596648834,125 235 392 525 636 724,
banknote_authentication.I,banknote_authentication,3,1372.0,OK,2.0,1703.6830824987442,1.2417515178562275,70.8231930732727,7.885063317700859e-05,1703.5487460089562,1703.6830824987442,170 679 820,
banknote_authentication.I,banknote_authentication,4,1372.0,OK,2.0,1525.4477617192078,1.1118423919236209,75.0246639251709,0.0,1525.4477617192078,1525.4477617192078,297 655 1064 1191,
banknote_authentication.I,banknote_authentication,5,1372.0,OK,2.0,1386.073151480328,1.01025739903814,69.2063410282135,0.0,1386.073151480328,1386.073151480328,263 629 914 1064 1191,
banknote_authentication.I,banknote_authentication,6,1372.0,OK,2.0,1286.951586512611,0.9380113604319321,90.43828320503235,0.0,1286.9515865126107,1286.951586512611,109 265 629 1064 1191 1334,
broken-ring.i,broken-ring,3,800.0,OK,2.0,643.0865594561124,0.8038581993201405,16.493862867355347,0.0,643.0865594561124,643.0865594561124,215 491 774,
broken-ring.i,broken-ring,4,800.0,OK,2.0,487.13656377215045,0.6089207047151881,15.60496187210083,0.0,487.1365637721497,487.13656377215045,193 215 282 528,
broken-ring.i,broken-ring,5,800.0,OK,2.0,412.0045923699261,0.5150057404624077,20.589341163635254,0.0,412.0045923699259,412.0045923699261,249 397 399 520 688,
broken-ring.i,broken-ring,6,800.0,OK,2.0,374.66061789797385,0.4683257723724673,21.67511010169983,0.0,374.6606178979735,374.66061789797385,30 249 283 399 436 693,
bupa.I,bupa,3,345.0,OK,2.0,607.7215649488273,1.761511782460369,3.5147600173950195,0.0,607.721564948827,607.7215649488273,66 167 279,
bupa.I,bupa,4,345.0,OK,2.0,572.6660985190981,1.6599017348379654,10.890990972518921,0.0,572.6660985190981,572.6660985190981,138 167 246 258,
bupa.I,bupa,5,345.0,OK,2.0,542.2741859697719,1.571809234694991,5.2748188972473145,0.0,542.2741859697719,542.2741859697719,149 167 201 258 268,
bupa.I,bupa,6,345.0,OK,2.0,522.6239480929544,1.5148520234578389,9.07967495918274,0.0,522.6239480929542,522.6239480929544,138 175 201 258 268 319,
chart.i,chart,3,600.0,OK,2.0,4625.130261871269,7.708550436452115,13.41738510131836,0.0,4625.130261871269,4625.130261871269,15 294 362,
chart.i,chart,4,600.0,OK,2.0,4559.024876709074,7.598374794515124,15.588901996612549,6.160192141848152e-05,4558.744032016874,4559.024876709074,99 136 294 362,
chart.i,chart,5,600.0,OK,2.0,4513.42184036811,7.522369733946849,18.08765721321106,0.0,4513.42184036811,4513.42184036811,15 136 294 362 423,
chart.i,chart,6,600.0,OK,2.0,4470.893772625139,7.451489621041898,12.225222826004028,5.9204529439539726e-05,4470.629075463156,4470.893772625139,15 115 136 294 362 423,
ecoli.i,ecoli,3,336.0,OK,2.0,524.5104029252793,1.5610428658490456,2.231796979904175,0.0,524.5104029252792,524.5104029252793,82 154 291,
ecoli.i,ecoli,4,336.0,OK,2.0,483.36189886819295,1.43857707996486,2.0295169353485107,0.0,483.3618988681926,483.36189886819295,82 154 281 291,
ecoli.i,ecoli,5,336.0,OK,2.0,457.2955109677463,1.360998544546864,3.7647440433502197,7.354662383912535e-06,457.29214771365343,457.2955109677463,82 154 278 281 319,
ecoli.i,ecoli,6,336.0,OK,2.0,433.0890103711441,1.2889553880093576,5.483307838439941,0.0,433.0890103711441,433.0890103711441,82 188 193 279 281 319,
face.i,face,3,296.0,OK,2.0,197.5833738391192,0.6675113981051324,2.534066915512085,0.0,197.58337383911905,197.5833738391192,13 39 112,
face.i,face,4,296.0,OK,2.0,172.55775589355505,0.5829653915322806,2.4079082012176514,0.0,172.55775589355497,172.55775589355505,10 25 112 217,
face.i,face,5,296.0,OK,2.0,154.25573098086676,0.521134226286712,2.3695068359375,0.0,154.25573098086667,154.25573098086676,10 42 113 194 216,
face.i,face,6,296.0,OK,2.0,137.8735941580063,0.46578916945272403,2.1192049980163574,0.0,137.8735941580063,137.8735941580063,42 112 194 216 248 287,
forestfires.I,forestfires,3,517.0,OK,2.0,956.5717845133537,1.8502355599871445,8.389819860458374,0.0,956.5717845133537,956.5717845133537,20 67 233,
forestfires.I,forestfires,4,517.0,OK,2.0,895.1270822272551,1.731387006242273,12.111585855484009,0.0,895.1270822272545,895.1270822272551,20 67 180 188,
forestfires.I,forestfires,5,517.0,OK,2.0,857.437147056226,1.6584857776716169,10.112259864807129,0.0,857.4371470562259,857.437147056226,20 67 208 376 453,
forestfires.I,forestfires,6,517.0,OK,2.0,822.1738283124047,1.590278197896334,11.590144157409668,0.0,822.1738283124045,822.1738283124047,67 147 203 208 376 453,
gauss9.i,gauss9,3,900.0,OK,2.0,731.3391778483146,0.8125990864981274,24.81047797203064,0.0,731.3391778483146,731.3391778483146,74 555 614,
gauss9.i,gauss9,4,900.0,OK,2.0,606.5598665114388,0.6739554072349321,34.59046816825867,0.0,606.5598665114387,606.5598665114388,71 272 645 874,
gauss9.i,gauss9,5,900.0,OK,2.0,529.8196934993882,0.5886885483326536,37.991698026657104,0.0,529.819693499388,529.8196934993882,45 297 401 645 850,
gauss9.i,gauss9,6,900.0,OK,2.0,468.6639934001289,0.5207377704445877,36.66377305984497,0.0,468.66399340012856,468.6639934001289,94 297 333 462 647 850,
glass.I,glass,3,214.0,OK,2.0,415.8839309293529,1.9433828548100605,0.929847002029419,0.0,415.8839309293529,415.8839309293529,43 47 205,
glass.I,glass,4,214.0,OK,2.0,375.8706396917079,1.7564048583724667,0.6474499702453613,0.0,375.87063969170777,375.8706396917079,33 43 70 205,
glass.I,glass,5,214.0,OK,2.0,352.4245667842091,1.6468437700196688,0.6316359043121338,0.0,352.42456678420893,352.4245667842091,33 43 44 171 205,
glass.I,glass,6,214.0,OK,2.0,332.4222942275108,1.5533752066706112,0.6386771202087402,0.0,332.4222942275107,332.4222942275108,33 43 44 171 172 205,
haberman.i,haberman,3,306.0,OK,2.0,344.99027721590556,1.1274192065879267,2.926990032196045,0.0,344.9902772159055,344.99027721590556,68 173 243,
haberman.i,haberman,4,306.0,OK,2.0,301.38650970364597,0.9849232343256404,2.3931448459625244,0.0,301.3865097036457,301.38650970364597,68 165 178 251,
haberman.i,haberman,5,306.0,OK,2.0,272.4218228595427,0.8902673949658259,2.0046260356903076,0.0,272.4218228595427,272.4218228595427,57 72 178 210 251,
haberman.i,haberman,6,306.0,OK,2.0,254.30810522503845,0.8310722392975113,3.784712076187134,7.798428842303108e-05,254.28827318841226,254.30810522503845,39 72 166 178 233 251,
hayes-roth.I,hayes-roth,3,132.0,OK,2.0,277.4541532274949,2.1019254032385977,2.225893020629883,0.0,277.4541532274949,277.4541532274949,77 91 92,
hayes-roth.I,hayes-roth,4,132.0,OK,2.0,261.25449164780457,1.9792006943015499,4.622792959213257,0.0,261.25449164780457,261.25449164780457,23 57 94 118,
hayes-roth.I,hayes-roth,5,132.0,OK,2.0,245.50728820412172,1.8599036985160737,1.0765559673309326,0.0,245.50728820412172,245.50728820412172,4 23 38 73 94,
hayes-roth.I,hayes-roth,6,132.0,OK,2.0,234.29784857210154,1.7749837013037997,3.9808709621429443,0.0,234.29784857210154,234.29784857210154,4 23 34 53 57 118,
indian.i,indian,3,583.0,OK,2.0,1168.9261479345714,2.005019121671649,10.117408037185669,0.0,1168.9261479345714,1168.9261479345714,246 323 537,
indian.i,indian,4,583.0,OK,2.0,1096.3178382515543,1.8804765664692185,13.060424089431763,0.0,1096.3178382515543,1096.3178382515543,10 176 427 537,
indian.i,indian,5,583.0,OK,2.0,1048.7163603850436,1.7988273763036768,27.54395294189453,0.0,1048.7163603850433,1048.7163603850436,4 122 127 176 427,
indian.i,indian,6,583.0,OK,2.0,1006.0768192420019,1.725689226830192,41.14771604537964,0.0,1006.0768192420019,1006.0768192420019,4 119 127 176 427 537,
indochina_combat.I,indochina_combat,3,72.0,OK,2.0,80.38219434688375,1.116419365928941,0.060485124588012695,0.0,80.38219434688375,80.38219434688375,32 34 61,
indochina_combat.I,indochina_combat,4,72.0,OK,2.0,72.40997650904785,1.0056941181812202,0.057073116302490234,0.0,72.40997650904782,72.40997650904785,22 41 45 68,
indochina_combat.I,indochina_combat,5,72.0,OK,2.0,65.71200538201388,0.9126667414168596,0.13164401054382324,0.0,65.71200538201388,65.71200538201388,12 22 41 43 57,
indochina_combat.I,indochina_combat,6,72.0,OK,2.0,59.439179899434066,0.8255441652699176,0.051054954528808594,0.0,59.439179899434066,59.439179899434066,12 22 26 32 43 57,
ionosphere.I,ionosphere,3,351.0,OK,2.0,1458.123200045136,4.154197151125744,2.902876853942871,7.563855623138097e-05,1458.012909711477,1458.123200045136,228 285 345,
ionosphere.I,ionosphere,4,351.0,OK,2.0,1369.815003589545,3.9026068478334617,2.159083127975464,0.0,1369.815003589545,1369.815003589545,159 228 264 333,
ionosphere.I,ionosphere,5,351.0,OK,2.0,1316.7815669196577,3.7515144356685406,2.189831018447876,0.0,1316.7815669196577,1316.7815669196577,41 112 161 228 246,
ionosphere.I,ionosphere,6,351.0,OK,2.0,1266.748665110509,3.6089705558703957,2.064723014831543,0.0,1266.7486651105078,1266.748665110509,41 112 161 228 274 304,
iris.i,iris,3,150.0,OK,2.0,130.83201964324476,0.8722134642882984,0.32680296897888184,0.0,130.8320196432447,130.83201964324476,8 95 148,
iris.i,iris,4,150.0,OK,2.0,116.96171419618102,0.7797447613078735,0.307570219039917,0.0,116.961714196181,116.96171419618102,8 70 79 140,
iris.i,iris,5,150.0,OK,2.0,104.68876290587599,0.6979250860391732,0.28658509254455566,0.0,104.68876290587599,104.68876290587599,31 49 70 79 140,
iris.i,iris,6,150.0,OK,2.0,98.08556236945822,0.6539037491297215,0.24796700477600098,0.0,98.08556236945822,98.08556236945822,6 31 40 70 79 140,
maronna.i,maronna,3,200.0,OK,2.0,139.13252209084973,0.6956626104542487,1.0789752006530762,0.0,139.13252209084973,139.13252209084973,11 57 186,
maronna.i,maronna,4,200.0,OK,2.0,94.56175588013716,0.4728087794006858,0.6696789264678955,0.0,94.5617558801371,94.56175588013716,44 57 118 187,
maronna.i,maronna,5,200.0,OK,2.0,85.93357441113784,0.4296678720556892,0.6480979919433594,0.0,85.93357441113784,85.93357441113784,44 57 118 176 200,
maronna.i,maronna,6,200.0,OK,2.0,78.01413655125549,0.39007068275627743,0.6846420764923096,0.0,78.01413655125549,78.01413655125549,39 48 57 118 176 200,
moreshapes.i,moreshapes,3,489.0,OK,2.0,310.3986980142486,0.6347621636283203,4.449572801589966,0.0,310.3986980142486,310.3986980142486,181 317 411,
moreshapes.i,moreshapes,4,489.0,OK,2.0,199.23083790367343,0.40742502638788025,4.215756893157959,0.0,199.23083790367343,199.23083790367343,26 66 181 317,
moreshapes.i,moreshapes,5,489.0,OK,2.0,143.56104569765395,0.2935808705473496,4.188990831375122,0.0,143.56104569765395,143.56104569765395,26 66 153 240 317,
moreshapes.i,moreshapes,6,489.0,OK,2.0,116.42498480596849,0.23808790348868814,4.520761013031006,0.0,116.42498480596849,116.42498480596849,26 66 153 240 316 387,
new-thyroid.I,new-thyroid,3,215.0,OK,2.0,261.1085926117465,1.2144585702871928,0.9641118049621582,0.0,261.1085926117465,261.1085926117465,30 184 186,
new-thyroid.I,new-thyroid,4,215.0,OK,2.0,231.52407876675002,1.0768561803104653,0.774871826171875,0.0,231.52407876675002,231.52407876675002,32 116 184 186,
new-thyroid.I,new-thyroid,5,215.0,OK,2.0,211.59087672202523,0.9841436126605825,0.7461001873016357,0.0,211.59087672202523,211.59087672202523,32 116 184 186 193,
new-thyroid.I,new-thyroid,6,215.0,OK,2.0,198.9812069273436,0.9254939857085749,1.0578010082244873,0.0,198.98120692734358,198.9812069273436,29 112 140 184 186 193,
numbers2.i,numbers2,3,540.0,OK,2.0,421.0833925118194,0.7797840602070729,27.40447998046875,9.858479895377695e-05,421.04188009022585,421.0833925118194,221 355 502,
numbers2.i,numbers2,4,540.0,OK,2.0,324.8691049895794,0.6016094536844063,6.608384132385254,0.0,324.8691049895794,324.8691049895794,99 240 350 498,
numbers2.i,numbers2,5,540.0,OK,2.0,283.6720469428336,0.5253186054496919,14.638758897781372,0.0,283.6720469428336,283.6720469428336,99 188 285 349 496,
numbers2.i,numbers2,6,540.0,OK,2.0,242.1399476567221,0.44840731047541127,6.010449171066284,0.0,242.1399476567221,242.1399476567221,99 188 285 349 451 474,
outliers.i,outliers,3,131.0,OK,2.0,95.92903833516296,0.7322827353829233,0.28851985931396484,0.0,95.92903833516294,95.92903833516296,114 118 125,
outliers.i,outliers,4,131.0,OK,2.0,83.4113796941532,0.636728089268345,0.2644670009613037,0.0,83.4113796941532,83.4113796941532,58 113 118 130,
outliers.i,outliers,5,131.0,OK,2.0,75.46839619833104,0.5760946274681759,0.2508831024169922,0.0,75.46839619833102,75.46839619833104,3 49 58 118 127,
outliers.i,outliers,6,131.0,OK,2.0,67.91330238793542,0.5184221556330948,0.24606895446777344,0.0,67.9133023879354,67.91330238793542,3 49 58 61 66 68,
pib100.i,pib100,3,100.0,OK,2.0,63.049945879632546,0.6304994587963254,0.11673212051391602,0.0,63.049945879632546,63.049945879632546,7 55 57,
pib100.i,pib100,4,100.0,OK,2.0,55.17848038502665,0.5517848038502665,0.1221771240234375,0.0,55.178480385026646,55.17848038502665,7 42 66 69,
pib100.i,pib100,5,100.0,OK,2.0,49.29078412014404,0.4929078412014404,0.2107691764831543,0.0,49.29078412014404,49.29078412014404,7 23 42 69 85,
pib100.i,pib100,6,100.0,OK,2.0,43.405554820629646,0.43405554820629644,0.10107016563415527,0.0,43.405554820629646,43.405554820629646,4 23 24 69 71 85,
ruspini.i,ruspini,3,75.0,OK,2.0,44.87408718398124,0.5983211624530832,0.07247400283813477,0.0,44.87408718398124,44.87408718398124,18 32 52,
ruspini.i,ruspini,4,75.0,OK,2.0,23.90292367371684,0.31870564898289117,0.048764944076538086,0.0,23.90292367371684,23.90292367371684,10 32 52 70,
ruspini.i,ruspini,5,75.0,OK,2.0,21.55929921484289,0.2874573228645719,0.04905509948730469,0.0,21.559299214842888,21.55929921484289,6 16 32 52 70,
ruspini.i,ruspini,6,75.0,OK,2.0,19.244458160900347,0.2565927754786713,0.05651998519897461,0.0,19.244458160900344,19.244458160900347,6 16 27 38 52 70,
sonar.I,sonar,3,208.0,OK,2.0,1521.85113710414,7.316592005308365,0.6356179714202881,0.0,1521.85113710414,1521.85113710414,56 114 160,
sonar.I,sonar,4,208.0,OK,2.0,1478.35798001926,7.107490288554134,1.1887850761413574,0.0,1478.3579800192597,1478.35798001926,56 114 124 160,
sonar.I,sonar,5,208.0,OK,2.0,1438.9692732501296,6.918121506010238,2.2272138595581055,0.0,1438.9692732501296,1438.9692732501296,56 68 114 124 158,
sonar.I,sonar,6,208.0,OK,2.0,1399.0279534420783,6.726095930009992,0.5653350353240967,0.0,1399.0279534420783,1399.0279534420783,58 114 124 133 158 192,
spherical_4d3c.i,spherical_4d3c,3,400.0,OK,2.0,224.18082680060968,0.5604520670015242,7.856174945831299,0.0,224.18082680060957,224.18082680060968,83 236 335,
spherical_4d3c.i,spherical_4d3c,4,400.0,OK,2.0,133.40123679610122,0.333503091990253,2.988469123840332,0.0,133.40123679610107,133.40123679610122,17 127 220 335,
spherical_4d3c.i,spherical_4d3c,5,400.0,OK,2.0,126.33366775490252,0.3158341693872563,3.1400020122528076,0.0,126.33366775490238,126.33366775490252,17 143 170 220 335,
spherical_4d3c.i,spherical_4d3c,6,400.0,OK,2.0,119.91078014281473,0.29977695035703683,3.265655994415283,0.0,119.91078014281455,119.91078014281473,17 143 170 211 235 335,
synthetic_control.i,synthetic_control,3,600.0,OK,2.0,4263.034430158756,7.105057383597926,15.887247085571289,0.0,4263.034430158755,4263.034430158756,3 294 362,
synthetic_control.i,synthetic_control,4,600.0,OK,2.0,4203.271687135903,7.005452811893172,13.845584869384766,0.0,4203.2716871359025,4203.271687135903,3 136 294 362,
synthetic_control.i,synthetic_control,5,600.0,OK,2.0,4155.170762066973,6.925284603444955,7.9174840450286865,0.0,4155.170762066972,4155.170762066973,3 15 136 268 362,
synthetic_control.i,synthetic_control,6,600.0,OK,2.0,4116.439534168425,6.860732556947375,8.90169095993042,8.263211254257506e-05,4116.099384073563,4116.439534168425,3 15 136 195 268 362,
vowel2.i,vowel2,3,528.0,OK,2.0,424.22052601419716,0.8034479659359794,9.259504079818726,0.0,424.220526014197,424.22052601419716,136 232 504,
vowel2.i,vowel2,4,528.0,OK,2.0,367.5746210284084,0.6961640549780462,10.610640048980713,0.0,367.57462102840833,367.5746210284084,156 254 373 489,
vowel2.i,vowel2,5,528.0,OK,2.0,318.7403148358611,0.6036748387042824,9.373335838317871,0.0,318.7403148358611,318.7403148358611,68 273 343 478 527,
vowel2.i,vowel2,6,528.0,OK,2.0,281.6791914962087,0.5334833172276681,11.51661992073059,0.0,281.6791914962087,281.6791914962087,58 63 269 343 372 501,
waveform.I,waveform,3,5000.0,FAILED_PROCESS,,,,,,,,,exitcode=-9
waveform.I,waveform,4,5000.0,FAILED_PROCESS,,,,,,,,,exitcode=-9
waveform.I,waveform,5,5000.0,FAILED_PROCESS,,,,,,,,,exitcode=-9
waveform.I,waveform,6,5000.0,FAILED_PROCESS,,,,,,,,,exitcode=-9
wdbc.I,wdbc,3,569.0,OK,2.0,2271.0315764482866,3.9912681484152666,15.421704053878784,0.0,2271.031576448286,2271.0315764482866,216 363 434,
wdbc.I,wdbc,4,569.0,OK,2.0,2185.2312100207464,3.8404766432702044,25.447926998138428,0.0,2185.231210020746,2185.2312100207464,75 216 223 434,
wdbc.I,wdbc,5,569.0,OK,2.0,2113.7732294884554,3.7148914402257565,33.17047905921936,7.203693642795892e-05,2113.6209597406996,2113.7732294884554,75 216 223 301 517,
wdbc.I,wdbc,6,569.0,OK,2.0,2048.5864792179227,3.6003277314901982,37.91295909881592,9.475942944018775e-05,2048.392356331993,2048.5864792179227,205 230 301 325 517 546,
wine.i,wine,3,178.0,OK,2.0,499.52010907925444,2.806292747636261,0.4691731929779053,0.0,499.5201090792544,499.52010907925444,36 107 149,
wine.i,wine,4,178.0,OK,2.0,476.0667340521548,2.6745322137761507,0.7600369453430176,0.0,476.0667340521546,476.0667340521548,49 82 89 175,
wine.i,wine,5,178.0,OK,2.0,457.70632866333267,2.5713838688951274,0.7424969673156738,0.0,457.70632866333267,457.70632866333267,35 57 82 89 149,
wine.i,wine,6,178.0,OK,2.0,442.92802874531446,2.4883597120523286,0.6924710273742676,0.0,442.92802874531446,442.92802874531446,35 57 82 89 149 164,
yeast.i,yeast,3,1484.0,OK,2.0,2715.0019127648375,1.8295161137229363,140.24552202224731,0.0,2715.0019127648366,2715.0019127648375,78 349 1347,
yeast.i,yeast,4,1484.0,OK,2.0,2570.948466035779,1.7324450579755923,271.4214081764221,0.0,2570.948466035778,2570.948466035779,643 781 911 1347,
yeast.i,yeast,5,1484.0,OK,2.0,2439.267909533425,1.643711529335192,158.95397210121155,0.0,2439.267909533425,2439.267909533425,78 179 781 792 881,
yeast.i,yeast,6,1484.0,OK,2.0,2326.449697412082,1.5676884753450688,136.77868604660034,0.0,2326.4496974120807,2326.449697412082,78 179 251 781 792 881,
2-FACE.i,2-FACE,20,200.0,OK,2.0,38.539971006264864,0.1926998550313243,0.533452033996582,0.0,38.539971006264864,38.539971006264864,3 8 13 18 22 32 73 80 89 96 114 144 151 157 169 171 178 184 189 195,
2-FACE.i,2-FACE,25,200.0,OK,2.0,32.01006812815291,0.16005034064076454,0.5049989223480225,0.0,32.01006812815291,32.01006812815291,3 8 13 17 22 28 32 43 73 80 89 96 114 125 143 148 152 157 163 169 171 178 184 186 196,
200DATA.I,200DATA,20,200.0,OK,2.0,20.95023135274694,0.1047511567637347,0.5076999664306641,0.0,20.950231352746925,20.95023135274694,18 19 26 29 41 48 66 71 79 92 99 100 119 122 127 136 151 155 170 179,
200DATA.I,200DATA,25,200.0,OK,2.0,18.004041088562794,0.09002020544281397,0.7120749950408936,0.0,18.004041088562794,18.004041088562794,8 18 19 21 29 38 48 53 66 69 76 96 99 100 101 110 118 121 127 136 151 155 168 181 187,
400p3c.i,400p3c,20,400.0,OK,2.0,40.88589110602169,0.10221472776505422,4.084674119949341,1.630008857183582e-06,40.88582446165705,40.88589110602169,84 95 100 109 125 160 166 177 192 234 235 253 266 282 286 294 314 316 339 359,
400p3c.i,400p3c,25,400.0,OK,2.0,35.75747286103959,0.08939368215259896,3.1556880474090576,0.0,35.75747286103959,35.75747286103959,109 117 121 125 142 160 163 166 177 190 192 234 235 248 253 266 279 282 286 315 320 324 337 347 354,
A1.I,A1,20,3000.0,FAILED_PROCESS,,,,,,,,,exitcode=-9
A1.I,A1,25,3000.0,FAILED_PROCESS,,,,,,,,,exitcode=-9
BreastB.I,BreastB,20,49.0,OK,2.0,1060.8750505221094,21.65051123514509,0.038822174072265625,0.0,1060.8750505221094,1060.8750505221094,5 8 9 11 12 15 17 19 21 23 24 28 30 35 38 40 41 43 48 49,
BreastB.I,BreastB,25,49.0,OK,2.0,859.9268172285738,17.54952688221579,0.01605081558227539,0.0,859.9268172285738,859.9268172285738,3 4 5 8 9 11 12 15 17 19 21 24 26 27 28 30 33 35 37 40 41 42 44 48 49,
Compound.I,Compound,20,399.0,OK,2.0,82.13116650682443,0.2058425225734948,3.312851905822754,0.0,82.13116650682441,82.13116650682443,4 18 33 50 62 89 127 140 162 174 187 210 215 242 275 300 324 353 371 394,
Compound.I,Compound,25,399.0,OK,2.0,72.73549119271723,0.18229446414214845,4.184597015380859,7.568093180483462e-05,72.72998650296849,72.73549119271723,4 18 36 50 58 89 102 131 141 149 168 177 187 210 215 235 241 275 290 305 331 347 362 376 394,
Concrete_Data.i,Concrete_Data,20,1030.0,OK,2.0,1516.0514803207957,1.471894641088151,165.55048179626465,8.438031952115114e-05,1515.9235554124757,1516.0514803207957,19 61 119 158 277 293 306 428 442 474 556 703 740 786 788 815 818 916 960 1030,
Concrete_Data.i,Concrete_Data,25,1030.0,OK,2.0,1410.165198187357,1.3690924254246184,129.92371010780334,2.7093664094047125e-05,1410.1269916451602,1410.165198187357,8 27 119 139 161 257 277 348 421 428 442 474 488 557 639 672 696 726 786 802 815 818 869 916 1014,
DBLCA.I,DBLCA,20,141.0,OK,2.0,3125.248150317805,22.164880498707838,0.22983908653259277,0.0,3125.248150317804,3125.248150317805,4 10 25 28 51 60 73 79 81 88 89 91 105 106 115 125 126 134 135 139,
DBLCA.I,DBLCA,25,141.0,OK,2.0,2961.3377407288644,21.002395324318186,0.1830909252166748,0.0,2961.337740728863,2961.3377407288644,4 10 16 24 25 28 51 60 73 79 81 88 89 91 105 106 115 125 126 131 133 134 135 139 140,
DBLCB.I,DBLCB,20,180.0,OK,2.0,4020.90948825398,22.338386045855444,0.3632328510284424,0.0,4020.90948825398,4020.90948825398,1 18 22 24 42 64 67 68 84 90 96 101 104 109 134 152 153 169 170 179,
DBLCB.I,DBLCB,25,180.0,OK,2.0,3860.9577027151327,21.449765015084072,0.2865719795227051,0.0,3860.9577027151313,3860.9577027151327,1 18 22 24 40 50 59 64 67 81 84 90 96 101 103 104 109 152 153 164 167 169 170 174 179,
DOWJONES.I,DOWJONES,20,750.0,OK,2.0,62.754053483970154,0.08367207131196021,41.82538294792175,0.0,62.754053483970154,62.754053483970154,47 60 118 143 259 330 337 357 367 387 446 463 528 554 560 605 608 680 688 691,
DOWJONES.I,DOWJONES,25,750.0,OK,2.0,52.80039972232803,0.07040053296310404,36.98640990257263,0.0,52.80039972232799,52.80039972232803,15 47 60 118 146 150 263 296 321 337 352 367 387 446 463 470 509 554 581 608 628 680 688 691 706,
Gamma400.i,Gamma400,20,,READ_FAIL,,,,,,,,,Falha ao ler instances/general/Gamma400.i com separadores/decimais conhecidos.
Gamma400.i,Gamma400,25,,READ_FAIL,,,,,,,,,Falha ao ler instances/general/Gamma400.i com separadores/decimais conhecidos.
Normal300.i,Normal300,20,300.0,OK,2.0,95.38207883577458,0.31794026278591525,1.849628210067749,0.0,95.38207883577458,95.38207883577458,14 47 70 76 87 98 104 105 115 116 118 160 213 222 232 233 234 235 282 298,
Normal300.i,Normal300,25,300.0,OK,2.0,82.57280967419834,0.27524269891399444,1.4672698974609375,0.0,82.57280967419831,82.57280967419834,23 42 47 76 87 100 104 105 110 113 115 136 207 209 221 233 235 236 251 264 272 276 289 292 298,
PARKINSONS.i,PARKINSONS,20,195.0,OK,2.0,383.9888040200727,1.9691733539490908,1.075146198272705,0.0,383.9888040200727,383.9888040200727,4 10 34 37 46 55 71 88 102 103 107 117 132 137 143 149 153 162 176 192,
PARKINSONS.i,PARKINSONS,25,195.0,OK,2.0,347.92674559933585,1.7842397210222352,0.6376349925994873,7.292961669595185e-05,347.901371435141,347.92674559933585,4 10 20 27 34 37 46 55 62 88 102 103 107 121 123 125 130 137 143 149 152 162 176 184 192,
PIB_MINAS.i,PIB_MINAS,20,,READ_FAIL,,,,,,,,,Falha ao ler instances/general/PIB_MINAS.i com separadores/decimais conhecidos.
PIB_MINAS.i,PIB_MINAS,25,,READ_FAIL,,,,,,,,,Falha ao ler instances/general/PIB_MINAS.i com separadores/decimais conhecidos.
Prima_Indians.i,Prima_Indians,20,569.0,OK,2.0,822.1015657231897,1.4448182174397006,22.18985891342163,8.39616637393689e-05,822.0325407079688,822.1015657231897,94 135 144 148 153 168 180 262 282 327 330 341 371 421 481 495 517 554 563 569,
Prima_Indians.i,Prima_Indians,25,569.0,OK,2.0,781.0390838002745,1.372652168366036,35.2266948223114,0.0,781.0390838002745,781.0390838002745,16 94 134 135 139 144 148 153 154 169 180 193 267 282 327 330 341 371 421 481 495 517 554 563 569,
SPRDESP.I,SPRDESP,20,645.0,OK,2.0,173.767927578617,0.2694076396567705,28.963932037353516,0.0,173.767927578617,173.767927578617,6 25 114 116 152 287 296 310 350 389 394 418 436 453 465 494 556 615 619 640,
SPRDESP.I,SPRDESP,25,645.0,OK,2.0,154.44138504533498,0.23944400782222477,34.62072992324829,1.5228393164352497e-05,154.43903315120266,154.44138504533498,9 25 116 226 235 257 273 287 296 389 400 421 436 455 465 482 491 494 531 556 581 582 583 619 637,
TRIPADVISOR.I,TRIPADVISOR,20,980.0,OK,9.0,1925.5396184028532,1.9648363453090338,600.0620670318604,0.01770181906025104,1891.454064484541,1925.5396184028532,7 13 46 54 128 132 200 228 368 522 543 571 579 615 631 737 766 785 795 902,
TRIPADVISOR.I,TRIPADVISOR,25,980.0,OK,9.0,1816.4869023443375,1.8535580636166709,600.1189141273499,0.0025414370112995127,1811.8704153001788,1816.4869023443375,3 7 13 46 58 228 258 275 327 401 402 459 550 571 579 583 615 631 652 687 766 829 883 930 938,
Uniform400.i,Uniform400,20,400.0,OK,2.0,106.65108859968933,0.2666277214992233,4.174853086471558,0.0,106.65108859968933,106.65108859968933,21 71 107 111 126 140 143 160 178 182 213 239 255 268 324 341 356 359 369 396,
Uniform400.i,Uniform400,25,400.0,OK,2.0,93.45795994405557,0.23364489986013892,3.799121856689453,0.0,93.45795994405557,93.45795994405557,21 81 140 143 153 163 178 182 201 206 211 213 268 274 312 326 331 339 357 359 362 369 373 397 398,
Uniform700.i,Uniform700,20,700.0,OK,2.0,192.40972868867374,0.27487104098381965,61.63194799423218,4.117348763931618e-05,192.4018065090879,192.40972868867374,14 21 147 205 257 275 311 322 348 359 415 483 495 577 588 598 631 634 692 698,
Uniform700.i,Uniform700,25,700.0,OK,2.0,169.41741107409774,0.24202487296299677,51.06200098991394,3.296751783095411e-05,169.41182580257728,169.41741107409774,34 41 60 75 147 205 241 341 348 359 367 382 418 430 481 483 501 514 577 588 615 666 667 698 699,
aggregation.I,aggregation,20,788.0,OK,2.0,159.09479297960186,0.20189694540558611,62.2961220741272,8.376394785603726e-05,159.08146657165855,159.09479297960186,17 61 96 129 153 191 236 253 287 332 373 408 445 509 555 605 638 699 724 769,
aggregation.I,aggregation,25,788.0,OK,2.0,140.6244988879659,0.17845748589843388,52.35304498672485,0.0,140.6244988879659,140.6244988879659,10 46 81 101 129 157 191 239 243 291 331 373 403 422 459 498 519 534 564 605 625 658 699 724 769,
banknote_authentication.I,banknote_authentication,20,1372.0,OK,2.0,740.7277557808128,0.5398890348256653,195.69726610183716,0.0,740.7277557808127,740.7277557808128,167 186 197 202 266 319 324 409 544 667 800 947 967 1082 1138 1190 1193 1206 1261 1361,
banknote_authentication.I,banknote_authentication,25,1372.0,OK,2.0,673.4645487917192,0.49086337375489736,240.6146981716156,8.877596381476021e-05,673.4047613273051,673.4645487917192,175 186 202 244 248 286 298 310 324 409 422 544 649 861 947 1035 1049 1050 1066 1082 1138 1146 1193 1206 1361,
broken-ring.i,broken-ring,20,800.0,OK,2.0,164.44747390139304,0.2055593423767413,52.86612796783447,9.967471037297509e-05,164.43108264706035,164.44747390139304,50 65 118 167 232 279 298 305 313 329 404 462 470 580 614 616 636 652 713 760,
broken-ring.i,broken-ring,25,800.0,OK,2.0,145.2373991508524,0.1815467489385655,39.069262981414795,0.0,145.2373991508524,145.2373991508524,3 9 50 158 167 183 252 279 298 313 329 345 398 404 454 462 470 611 613 625 636 698 731 778 799,
bupa.I,bupa,20,345.0,OK,2.0,395.6986511170876,1.1469526119335873,22.989125967025757,9.150501268397368e-05,395.6624427069981,395.6986511170876,14 46 87 118 134 149 152 170 181 189 202 228 233 246 253 268 275 303 307 316,
bupa.I,bupa,25,345.0,OK,2.0,373.25510211787855,1.0818988467184885,21.093410968780518,0.0,373.25510211787855,373.25510211787855,14 46 85 87 118 134 139 149 152 168 176 181 202 224 228 233 246 247 253 268 275 303 316 321 343,
chart.i,chart,20,600.0,OK,2.0,4183.010527728751,6.971684212881252,10.198724031448364,0.0,4183.010527728751,4183.010527728751,3 15 17 99 107 115 127 136 195 249 269 294 299 343 362 376 397 406 423 539,
chart.i,chart,25,600.0,OK,2.0,4118.288727042187,6.863814545070312,10.968093156814575,8.004077045067479e-05,4117.959096039536,4118.288727042187,3 15 17 99 107 115 127 136 195 249 269 294 299 343 362 376 378 388 397 406 423 539 564 572 599,
ecoli.i,ecoli,20,336.0,OK,2.0,297.99856732121674,0.8869004979798117,7.8489439487457275,7.944810128634901e-05,297.974891900857,297.99856732121674,19 40 43 45 56 103 114 163 183 196 205 217 223 225 246 279 284 291 310 326,
ecoli.i,ecoli,25,336.0,OK,2.0,275.1017524713821,0.8187552156886372,6.036696910858154,0.0,275.1017524713821,275.1017524713821,26 39 40 41 43 45 56 103 114 129 158 183 205 206 211 217 223 227 240 246 267 279 284 291 310,
face.i,face,20,296.0,OK,2.0,54.76855192765352,0.1850288916474781,1.4586129188537598,0.0,54.7685519276535,54.76855192765352,16 19 31 60 73 97 102 140 148 157 167 191 201 212 221 232 257 268 287 294,
face.i,face,25,296.0,OK,2.0,46.30745913030672,0.15644411868346864,1.3641650676727295,0.0,46.30745913030672,46.30745913030672,7 31 60 67 73 92 103 109 140 147 156 164 171 191 198 206 215 221 232 251 259 268 287 294 295,
forestfires.I,forestfires,20,517.0,OK,2.0,603.0910299684551,1.1665203674438203,68.54798603057861,0.0,603.0910299684551,603.0910299684551,1 17 78 83 87 99 132 159 196 208 234 236 278 313 376 432 440 455 463 491,
forestfires.I,forestfires,25,517.0,OK,2.0,563.2645488577617,1.089486554850603,30.73048496246338,0.0,563.2645488577617,563.2645488577617,23 40 50 53 78 83 87 99 104 169 196 197 208 215 234 265 277 289 313 376 420 440 455 463 491,
gauss9.i,gauss9,20,900.0,OK,2.0,229.81571376866668,0.2553507930762963,80.61968994140625,6.771130230128406e-05,229.8001526473981,229.81571376866668,55 100 144 151 167 238 244 293 337 355 441 442 542 558 604 626 710 800 809 818,
gauss9.i,gauss9,25,900.0,OK,2.0,205.32328915206045,0.22813698794673384,109.95838785171509,3.080243998043497e-05,205.31696469376976,205.32328915206045,55 77 100 127 152 173 202 244 293 356 372 396 442 448 455 558 579 635 650 666 758 781 786 843 884,
glass.I,glass,20,214.0,OK,2.0,212.932478213284,0.9950115804359067,1.1715929508209229,0.0,212.93247821328396,212.932478213284,12 25 44 47 69 78 96 107 108 111 131 143 168 173 180 185 187 199 202 211,
glass.I,glass,25,214.0,OK,2.0,190.85095768037172,0.891826905048466,0.7774429321289062,5.626228254619561e-05,190.8402199698665,190.85095768037172,12 25 44 47 69 78 96 106 107 108 111 130 143 149 167 170 173 180 184 185 187 190 199 202 211,
haberman.i,haberman,20,306.0,OK,2.0,152.3108367533758,0.4977478325273719,1.2726500034332275,0.0,152.3108367533758,152.3108367533758,17 32 45 58 60 89 121 141 144 168 175 190 201 226 228 229 241 263 280 294,
haberman.i,haberman,25,306.0,OK,2.0,138.05763974481883,0.45116875733600925,1.4998929500579834,0.0,138.05763974481883,138.05763974481883,17 24 32 49 60 63 65 89 109 121 138 141 143 175 185 201 212 226 228 229 239 241 263 280 294,
hayes-roth.I,hayes-roth,20,132.0,OK,2.0,149.9572765307453,1.1360399737177675,0.3264198303222656,0.0,149.95727653074525,149.9572765307453,2 4 5 22 23 30 34 38 57 65 66 67 70 81 87 103 105 108 115 131,
hayes-roth.I,hayes-roth,25,132.0,OK,2.0,132.20004108187476,1.0015154627414755,0.16339802742004395,0.0,132.20004108187476,132.20004108187476,2 4 5 22 23 30 34 38 39 49 53 57 65 66 67 70 81 87 88 105 108 114 115 127 131,
indian.i,indian,20,583.0,OK,2.0,732.2296785590522,1.2559685738577224,264.5357999801636,7.227366834898979e-05,732.1767576341088,732.2296785590522,49 58 102 119 124 126 131 136 172 231 240 269 316 346 420 505 509 518 567 583,
indian.i,indian,25,583.0,OK,2.0,684.6979246452954,1.1744389788083969,133.4657919406891,8.044885753875837e-05,684.6428414794985,684.6979246452954,49 102 116 119 126 127 136 167 171 172 190 231 240 251 269 316 346 500 505 509 518 567 573 581 583,
indochina_combat.I,indochina_combat,20,72.0,OK,2.0,28.98267747304997,0.40253718712569403,0.03584098815917969,0.0,28.98267747304997,28.98267747304997,3 11 12 17 21 22 26 29 33 35 36 38 41 49 52 59 63 65 69 72,
indochina_combat.I,indochina_combat,25,72.0,OK,2.0,23.65381989502056,0.32852527631973,0.034327030181884766,0.0,23.65381989502056,23.65381989502056,3 11 12 17 18 21 22 25 26 29 33 35 36 38 39 49 52 53 54 59 63 64 65 69 71,
ionosphere.I,ionosphere,20,351.0,OK,2.0,1030.7196961585182,2.936523350878969,1.3108060359954834,0.0,1030.719696158518,1030.7196961585182,18 30 47 54 63 76 78 114 141 161 163 169 186 202 226 248 310 326 345 349,
ionosphere.I,ionosphere,25,351.0,OK,2.0,983.2255119271904,2.80121228469285,1.3800630569458008,0.0,983.2255119271904,983.2255119271904,18 30 42 47 54 58 63 68 72 78 114 141 161 163 169 186 202 207 226 229 248 310 326 345 349,
iris.i,iris,20,150.0,OK,2.0,55.70937663130056,0.3713958442086704,0.20980405807495117,0.0,55.70937663130053,55.70937663130056,10 20 34 39 40 42 69 70 87 94 97 98 102 118 121 124 131 137 139 148,
iris.i,iris,25,150.0,OK,2.0,49.02034172005978,0.32680227813373186,0.3125150203704834,0.0,49.02034172005978,49.02034172005978,20 34 38 39 40 42 48 57 59 64 81 87 88 89 94 95 102 108 112 118 121 123 137 139 148,
maronna.i,maronna,20,200.0,OK,2.0,38.10287153574208,0.19051435767871042,0.600883960723877,0.0,38.10287153574208,38.10287153574208,1 2 33 48 54 69 84 86 98 102 132 137 139 141 146 158 161 168 189 192,
maronna.i,maronna,25,200.0,OK,2.0,32.750157127060035,0.16375078563530018,0.478269100189209,0.0,32.75015712706003,32.750157127060035,2 7 10 20 33 50 54 63 69 72 84 86 102 105 132 137 139 141 149 155 158 168 189 190 192,
moreshapes.i,moreshapes,20,489.0,OK,2.0,48.19006538707834,0.09854819097562033,10.175684928894043,0.0,48.19006538707834,48.19006538707834,18 23 46 56 67 82 115 148 235 256 258 285 294 306 377 387 409 444 463 469,
moreshapes.i,moreshapes,25,489.0,OK,2.0,41.672008698258516,0.0852188316937802,8.071232080459595,0.0,41.67200869825851,41.672008698258516,20 23 46 54 56 67 80 82 120 129 148 238 256 258 283 285 302 306 354 373 387 409 444 463 469,
new-thyroid.I,new-thyroid,20,215.0,OK,2.0,123.4909712867419,0.5743766106360089,1.9596130847930908,0.0,123.49097128674188,123.4909712867419,32 57 74 79 116 125 133 143 151 152 155 156 169 173 193 194 197 200 208 209,
new-thyroid.I,new-thyroid,25,215.0,OK,2.0,110.55265127481442,0.5141983780223927,1.884227991104126,0.0,110.55265127481442,110.55265127481442,32 57 74 79 116 125 133 143 151 152 154 155 156 168 169 176 181 186 193 194 195 197 200 204 208,
numbers2.i,numbers2,20,540.0,OK,2.0,92.08814254108057,0.17053359729829737,12.939568996429443,0.0,92.08814254108057,92.08814254108057,9 28 48 61 81 107 126 150 172 211 243 267 309 329 357 396 425 440 478 499,
numbers2.i,numbers2,25,540.0,OK,2.0,77.14802562487557,0.14286671412013996,15.115055084228516,9.094199729159552e-05,77.14100962933814,77.14802562487557,6 17 28 48 61 81 107 126 150 158 202 207 211 243 267 309 320 331 357 396 425 440 499 515 530,
outliers.i,outliers,20,131.0,OK,2.0,28.919850974347995,0.22076222117822897,0.3748021125793457,0.0,28.919850974347995,28.919850974347995,1 5 15 25 70 78 85 88 90 91 102 104 105 106 107 108 114 116 122 129,
outliers.i,outliers,25,131.0,OK,2.0,24.453491902295056,0.18666787711675614,0.18485093116760254,0.0,24.453491902295056,24.453491902295056,1 5 15 25 41 51 58 70 72 75 78 85 86 94 102 104 105 106 107 109 114 117 122 127 129,
pib100.i,pib100,20,100.0,OK,2.0,16.97344687179037,0.16973446871790368,0.1092069149017334,0.0,16.97344687179037,16.97344687179037,1 2 3 5 10 11 14 15 18 25 31 37 47 51 54 67 69 81 87 95,
pib100.i,pib100,25,100.0,OK,2.0,13.415678874319003,0.13415678874319004,0.09581112861633301,0.0,13.415678874319003,13.415678874319003,1 2 3 4 5 6 10 11 14 15 18 25 31 37 44 51 54 63 67 69 75 77 81 87 95,
ruspini.i,ruspini,20,75.0,OK,2.0,8.118940408862478,0.10825253878483304,0.03786301612854004,0.0,8.118940408862478,8.118940408862478,3 8 10 12 16 22 27 32 39 42 44 45 47 52 55 59 65 66 69 73,
ruspini.i,ruspini,25,75.0,OK,2.0,6.579574529111475,0.087727660388153,0.049653053283691406,0.0,6.579574529111473,6.579574529111475,3 7 8 10 12 15 19 22 27 32 37 39 41 42 44 45 47 52 55 59 61 66 68 71 73,
sonar.I,sonar,20,208.0,OK,2.0,1119.9995140973072,5.384613048544746,0.5378050804138184,0.0,1119.9995140973062,1119.9995140973072,42 49 59 68 73 77 84 90 108 122 127 133 142 147 156 158 169 186 191 199,
sonar.I,sonar,25,208.0,OK,2.0,1057.8628626433829,5.085879147323956,0.5052950382232666,0.0,1057.8628626433822,1057.8628626433829,42 49 56 59 67 73 77 84 90 98 99 103 108 122 127 133 141 142 148 156 158 169 186 190 199,
spherical_4d3c.i,spherical_4d3c,20,400.0,OK,2.0,74.37410402721432,0.1859352600680358,8.652729034423828,0.0,74.37410402721432,74.37410402721432,18 70 72 80 104 105 130 143 185 218 227 245 254 274 284 308 317 323 372 383,
spherical_4d3c.i,spherical_4d3c,25,400.0,OK,2.0,66.71692273504743,0.1667923068376186,4.488133907318115,2.7020400536998305e-11,66.71692273324472,66.71692273504743,14 33 70 79 80 104 121 130 138 179 189 203 229 245 254 274 284 291 317 372 378 386 393 398 400,
synthetic_control.i,synthetic_control,20,600.0,OK,2.0,3832.706340926425,6.387843901544042,10.116331815719604,6.419689453876463e-05,3832.4602930816586,3832.706340926425,3 15 17 107 115 127 136 195 249 269 294 319 342 345 357 391 397 423 499 556,
synthetic_control.i,synthetic_control,25,600.0,OK,2.0,3769.5471268993406,6.282578544832234,10.356896877288818,8.615673957958974e-05,3769.2223550091953,3769.5471268993406,3 15 17 79 107 115 127 136 195 249 268 269 294 319 342 345 357 388 391 397 423 499 542 556 599,
vowel2.i,vowel2,20,528.0,OK,2.0,142.461365471928,0.2698131921816818,12.430706977844238,0.0,142.46136547192776,142.461365471928,12 28 40 67 107 132 291 296 310 322 334 340 350 375 426 429 443 447 497 513,
vowel2.i,vowel2,25,528.0,OK,2.0,122.38077436937907,0.2317817696389755,13.513396978378296,4.0813804938235644e-05,122.37577954432577,122.38077436937907,10 12 28 40 63 67 118 138 158 242 257 287 322 340 345 350 388 409 428 443 447 459 495 497 513,
waveform.I,waveform,20,5000.0,FAILED_PROCESS,,,,,,,,,exitcode=-9
waveform.I,waveform,25,5000.0,FAILED_PROCESS,,,,,,,,,exitcode=-9
wdbc.I,wdbc,20,569.0,OK,2.0,1696.8366483674722,2.9821382220869457,425.94242000579834,0.0,1696.8366483674718,1696.8366483674722,7 37 75 168 205 230 272 302 321 339 340 352 429 434 435 462 486 488 546 564,
wdbc.I,wdbc,25,569.0,OK,2.0,1631.5962453045413,2.8674802202188774,470.24829292297363,0.0,1631.596245304541,1631.5962453045413,7 37 75 149 150 153 168 205 207 213 230 272 302 321 340 352 406 429 434 453 474 486 488 546 564,
wine.i,wine,20,178.0,OK,2.0,340.91703675755053,1.9152642514469131,0.6682522296905518,0.0,340.91703675755053,340.91703675755053,6 13 26 36 54 57 62 79 83 98 103 108 117 125 132 139 149 150 159 163,
wine.i,wine,25,178.0,OK,2.0,318.68529496118833,1.7903668256246537,0.32248687744140625,0.0,318.68529496118833,318.68529496118833,6 13 25 26 44 54 57 60 62 79 80 83 92 98 105 110 125 126 132 149 151 159 163 164 166,
yeast.i,yeast,20,1484.0,FAILED_PROCESS,,,,,,,,,exitcode=-9
yeast.i,yeast,25,1484.0,FAILED_PROCESS,,,,,,,,,exitcode=-9
2-FACE.i,2-FACE,50,200.0,OK,2.0,17.028636029808194,0.08514318014904097,0.3812990188598633,0.0,17.028636029808183,17.028636029808194,2 4 6 8 11 14 17 20 23 26 28 31 34 43 53 61 68 72 75 80 86 90 96 106 111 115 117 119 122 124 127 134 138 141 144 146 149 151 153 155 156 160 163 168 171 174 179 182 190 192,
200DATA.I,200DATA,50,200.0,OK,2.0,10.195138747180609,0.05097569373590304,0.38901209831237793,0.0,10.195138747180607,10.195138747180609,2 3 9 10 12 14 21 28 37 42 43 46 48 52 53 61 62 64 70 76 84 86 88 96 99 101 105 109 110 111 113 116 117 118 120 121 122 125 129 132 135 151 155 161 166 173 179 181 189 197,
400p3c.i,400p3c,50,400.0,OK,2.0,23.29879430613579,0.058246985765339473,2.11171293258667,0.0,23.298794306135786,23.29879430613579,9 12 14 16 27 41 44 51 63 84 89 95 120 138 139 145 152 163 174 175 192 196 201 204 216 226 229 234 235 250 254 262 264 265 270 273 279 286 298 317 331 346 354 362 368 372 374 380 385 398,
A1.I,A1,50,3000.0,FAILED_PROCESS,,,,,,,,,exitcode=-9
BreastB.I,BreastB,50,49.0,OK,3.0,,,0.0027709007263183594,inf,inf,,,
Compound.I,Compound,50,399.0,OK,2.0,50.25015486565794,0.1259402377585412,4.2146899700164795,0.0,50.25015486565793,50.25015486565794,3 4 7 12 15 21 27 32 35 36 42 49 56 63 72 82 88 100 127 130 138 141 145 147 151 158 167 177 187 198 203 210 216 222 234 239 247 258 266 271 278 290 306 311 331 341 353 366 380 394,
Concrete_Data.i,Concrete_Data,50,1030.0,OK,2.0,1111.2243991669259,1.0788586399678892,68.34055805206299,5.551492143967628e-05,1111.1627096317043,1111.2243991669259,7 8 59 73 84 126 132 142 153 216 218 238 261 275 283 308 353 388 436 437 442 474 487 501 564 573 601 622 644 651 703 711 717 774 788 796 802 811 815 818 843 855 862 865 905 916 949 960 1008 1017,
DBLCA.I,DBLCA,50,141.0,OK,2.0,2204.0158969495133,15.631318418081655,0.18599581718444824,5.7155251456569614e-05,2203.889925866709,2204.0158969495133,1 9 10 11 13 15 16 17 19 20 24 28 33 36 37 43 44 49 51 54 55 60 61 64 66 67 73 77 79 88 89 90 91 94 95 105 106 115 118 122 125 126 131 133 134 135 136 137 139 140,
DBLCB.I,DBLCB,50,180.0,OK,2.0,3132.4040232686275,17.402244573714597,0.3007519245147705,0.0,3132.4040232686266,3132.4040232686275,1 7 9 18 22 23 24 31 41 44 47 48 49 50 51 52 54 62 64 67 68 71 77 81 84 90 92 96 101 103 104 109 126 144 145 152 153 155 157 165 167 169 170 171 172 174 175 176 178 179,
DOWJONES.I,DOWJONES,50,750.0,OK,2.0,33.033990227251344,0.04404532030300179,23.130717992782593,0.0,33.03399022725134,33.033990227251344,15 21 34 45 57 69 85 93 104 118 139 146 156 204 209 226 231 262 287 296 310 334 339 352 357 387 407 414 426 435 439 451 476 524 528 542 553 566 581 585 602 610 614 619 621 628 644 671 710 726,
Gamma400.i,Gamma400,50,,READ_FAIL,,,,,,,,,Falha ao ler instances/general/Gamma400.i com separadores/decimais conhecidos.
Normal300.i,Normal300,50,300.0,OK,2.0,50.83182574985635,0.16943941916618782,1.1745531558990479,0.0,50.831825749856336,50.83182574985635,19 23 30 35 38 51 75 76 77 90 96 101 105 110 123 124 128 137 138 139 146 152 154 163 173 181 184 195 199 200 201 207 209 219 230 231 233 235 236 243 251 254 279 281 282 289 290 296 298 300,
PARKINSONS.i,PARKINSONS,50,195.0,OK,2.0,239.2922630151587,1.2271398103341473,0.44298505783081055,0.0,239.2922630151587,239.2922630151587,4 12 14 18 20 22 27 34 38 43 47 50 59 62 67 70 74 76 82 87 88 90 92 96 99 100 101 103 107 114 117 118 125 134 138 146 149 150 152 153 155 158 160 165 176 184 188 192 193 194,
PIB_MINAS.i,PIB_MINAS,50,,READ_FAIL,,,,,,,,,Falha ao ler instances/general/PIB_MINAS.i com separadores/decimais conhecidos.
Prima_Indians.i,Prima_Indians,50,569.0,OK,2.0,648.1624866144291,1.1391256355262374,45.48635292053223,8.333751391884246e-05,648.1084703641792,648.1624866144291,14 38 46 53 54 55 86 101 133 142 144 153 154 169 193 210 227 253 258 262 282 285 286 293 319 330 331 335 340 343 344 362 371 384 392 398 408 421 434 436 469 480 495 507 508 516 548 554 558 563,
SPRDESP.I,SPRDESP,50,645.0,OK,2.0,101.33525187324251,0.15710891763293414,24.03964900970459,0.0,101.3352518732425,101.33525187324251,25 27 29 33 61 67 72 78 80 111 134 149 213 221 237 255 267 296 308 311 313 334 372 383 386 387 398 421 431 437 438 439 477 499 501 502 512 522 542 545 547 548 579 582 583 584 588 594 608 611,
TRIPADVISOR.I,TRIPADVISOR,50,980.0,OK,9.0,1577.8828866668046,1.6100845782314332,600.1063530445099,0.004818064992717645,1570.280544367947,1577.8828866668046,7 9 13 21 46 51 54 58 71 151 153 161 189 246 275 278 311 317 327 374 386 394 402 419 427 441 445 509 546 556 575 578 580 615 652 655 695 737 748 761 766 795 806 809 844 859 928 930 957 963,
Uniform400.i,Uniform400,50,400.0,OK,2.0,57.52882420540225,0.14382206051350563,2.1544699668884277,0.0,57.52882420540224,57.52882420540225,4 9 16 20 51 57 63 73 76 81 96 104 120 122 125 135 141 143 169 173 180 182 190 197 206 211 228 234 236 257 272 275 278 279 297 311 326 327 331 334 336 338 348 353 355 361 362 392 396 398,
Uniform700.i,Uniform700,50,700.0,OK,2.0,110.33091432619003,0.15761559189455718,23.94707202911377,7.096606987456145e-06,110.33013135105249,110.33091432619003,1 49 84 94 96 99 116 117 122 148 158 167 176 185 234 247 267 276 279 291 292 311 330 342 350 371 377 379 386 396 405 424 442 450 451 456 459 462 466 481 517 540 548 563 583 596 600 660 675 699,
aggregation.I,aggregation,50,788.0,OK,2.0,98.06705184802746,0.12445057341120236,36.068193197250366,0.0,98.06705184802746,98.06705184802746,5 20 40 50 54 67 87 103 115 123 144 161 188 193 212 225 244 258 280 299 312 320 333 360 388 395 407 422 443 460 490 497 519 530 549 563 568 585 594 625 644 657 673 682 697 719 726 743 763 783,
banknote_authentication.I,banknote_authentication,50,1372.0,OK,2.0,471.40477591428254,0.3435894868179902,163.60888504981995,0.0,471.40477591428225,471.40477591428254,5 24 81 133 140 169 278 299 304 349 385 392 395 422 438 475 477 478 535 558 595 626 632 637 671 714 727 805 809 824 844 868 899 928 964 1048 1066 1089 1128 1131 1138 1145 1146 1156 1164 1179 1288 1315 1361 1370,
broken-ring.i,broken-ring,50,800.0,OK,2.0,96.45084757211313,0.12056355946514141,36.764687061309814,0.0,96.45084757211306,96.45084757211313,36 39 48 73 77 84 94 97 102 105 124 131 149 159 183 187 216 230 244 296 301 312 322 359 365 400 417 427 453 468 469 494 525 540 554 610 639 642 652 678 682 683 684 685 699 720 743 745 753 754,
bupa.I,bupa,50,345.0,OK,2.0,294.2579815082652,0.8529216855312034,11.082279205322266,0.0,294.2579815082652,294.2579815082652,14 24 36 46 77 80 85 104 111 118 139 148 149 151 156 164 169 176 184 190 202 203 207 221 222 224 228 232 233 236 244 247 268 275 276 277 292 300 303 310 316 317 321 322 323 326 331 334 335 343,
chart.i,chart,50,600.0,OK,2.0,3821.3009564933664,6.368834927488944,8.173074007034302,4.357474517277834e-05,3821.1344442779587,3821.3009564933664,3 15 17 79 99 107 115 118 127 136 194 195 249 268 269 294 299 307 311 313 335 337 338 343 357 359 362 372 374 376 378 380 388 394 397 406 423 427 506 516 522 534 539 542 560 564 570 572 582 599,
ecoli.i,ecoli,50,336.0,OK,2.0,207.79954390739908,0.6184510235339259,1.50180983543396,0.0,207.79954390739903,207.79954390739908,10 26 39 40 41 47 57 61 73 89 103 109 114 119 123 140 155 171 174 182 183 189 192 200 201 203 206 213 215 218 222 223 231 248 250 259 264 267 275 279 280 284 291 292 298 310 322 330 332 334,
face.i,face,50,296.0,OK,2.0,27.268397320754044,0.09212296392146636,1.297456979751587,5.754917103545824e-06,27.268240393387916,27.268397320754044,6 18 20 21 26 29 31 32 39 46 62 71 77 80 98 102 104 108 119 132 138 142 146 151 156 160 164 167 171 174 179 180 186 191 198 203 208 214 219 223 227 232 234 243 259 264 268 276 287 291,
forestfires.I,forestfires,50,517.0,OK,2.0,435.66285213506785,0.842674762350228,24.772156953811646,6.951274628950577e-05,435.6325680137596,435.66285213506785,9 23 40 50 53 69 83 100 108 131 157 164 169 195 196 197 198 203 215 233 234 239 252 266 270 274 277 289 304 313 318 328 348 376 380 393 399 400 420 440 452 457 459 463 468 473 495 498 502 514,
gauss9.i,gauss9,50,900.0,OK,2.0,141.31367092421777,0.15701518991579752,70.51342701911926,9.81459684343774e-05,141.2998015571319,141.31367092421777,3 11 69 74 100 109 142 165 170 181 203 229 244 255 288 328 331 338 340 349 353 371 417 428 459 462 480 488 502 505 531 547 563 585 613 621 665 698 699 712 757 774 786 799 808 840 854 861 883 886,
glass.I,glass,50,214.0,OK,2.0,119.59137005695648,0.5588381778362452,0.5703740119934082,0.0,119.59137005695639,119.59137005695648,12 25 40 46 47 56 64 65 67 71 76 77 80 85 104 106 107 108 111 113 121 128 132 136 143 149 163 164 167 169 170 171 172 175 176 180 181 184 185 186 187 188 189 190 191 199 202 205 208 211,
haberman.i,haberman,50,306.0,OK,2.0,93.10282621701327,0.30425760201638324,1.837035894393921,0.0,93.10282621701327,93.10282621701327,1 9 10 17 20 22 37 42 53 57 60 63 66 80 89 95 101 106 109 123 125 126 136 143 144 151 153 161 175 182 183 195 211 221 222 232 233 239 241 242 253 256 257 267 271 288 290 294 304 306,
hayes-roth.I,hayes-roth,50,132.0,OK,2.0,74.33973260071113,0.5631797924296298,0.16332411766052246,0.0,74.33973260071113,74.33973260071113,2 5 14 18 19 23 24 25 27 29 34 38 39 40 44 47 49 53 57 61 64 65 67 70 71 74 76 80 84 86 87 88 92 93 94 97 98 99 108 109 110 114 115 116 117 124 125 127 128 131,
indian.i,indian,50,583.0,OK,2.0,535.4860921736501,0.918501015735249,35.1345100402832,9.879112418218658e-05,535.4331909006204,535.4860921736501,7 11 16 22 23 26 28 29 33 49 80 92 117 118 119 121 126 136 151 156 162 167 171 174 190 200 222 240 241 243 251 261 267 293 300 312 346 354 411 433 448 450 473 482 489 498 505 538 563 573,
indochina_combat.I,indochina_combat,50,72.0,OK,2.0,7.017359132000308,0.09746332127778207,0.0417330265045166,0.0,7.017359132000308,7.017359132000308,1 3 6 8 10 11 12 15 16 17 18 19 21 22 24 25 26 27 28 29 30 31 32 33 34 35 38 39 40 41 42 43 44 46 47 48 50 52 53 54 55 59 60 62 63 64 65 69 71 72,
ionosphere.I,ionosphere,50,351.0,OK,2.0,768.38581836206,2.189133385646895,1.5912439823150635,0.0,768.3858183620598,768.38581836206,18 20 22 24 28 30 38 41 42 44 47 52 54 56 58 68 72 77 78 80 82 112 141 161 163 167 169 171 183 185 186 187 189 202 205 207 211 215 217 221 223 226 229 233 248 283 310 326 345 349,
iris.i,iris,50,150.0,OK,2.0,29.380788184032944,0.1958719212268863,0.2962758541107178,0.0,29.380788184032937,29.380788184032944,1 2 6 11 12 15 16 20 21 23 27 33 38 39 40 42 48 57 58 59 61 63 64 67 69 73 81 83 87 89 95 106 107 108 109 110 113 115 116 117 119 124 126 129 132 135 137 139 143 144,
maronna.i,maronna,50,200.0,OK,2.0,18.526849812949486,0.09263424906474743,0.5406360626220703,0.0,18.526849812949486,18.526849812949486,2 7 13 16 19 20 30 33 35 39 42 53 57 65 66 69 71 75 76 82 84 86 88 98 101 102 111 112 120 127 129 132 136 140 141 144 148 149 155 157 163 164 172 174 177 180 181 184 190 192,
moreshapes.i,moreshapes,50,489.0,OK,2.0,26.614327597711902,0.0544260278071818,9.75382399559021,9.201942299902504e-05,26.611878562642854,26.614327597711902,8 14 17 20 23 32 54 57 69 70 73 85 89 102 125 154 161 172 178 197 204 219 228 231 244 255 272 284 285 299 301 325 332 341 348 376 384 394 404 406 425 430 432 440 443 461 465 470 485 488,
new-thyroid.I,new-thyroid,50,215.0,OK,2.0,71.27271989543496,0.3315010227694649,1.405107021331787,0.0,71.27271989543496,71.27271989543496,10 13 20 24 32 43 49 57 58 60 75 76 79 117 123 129 140 141 144 152 154 155 156 157 158 159 165 167 169 170 172 176 177 179 181 186 187 189 190 191 192 194 195 197 199 202 204 205 208 215,
numbers2.i,numbers2,50,540.0,OK,2.0,42.83179879688045,0.07931814592014898,11.404330015182495,0.0,42.83179879688039,42.83179879688045,4 12 18 26 32 45 50 56 62 89 106 113 120 129 135 159 169 175 187 202 217 224 234 248 257 264 272 279 295 306 312 320 335 342 348 357 378 399 407 416 427 447 455 460 464 468 478 514 534 538,
outliers.i,outliers,50,131.0,OK,2.0,12.95211330531907,0.09887109393373336,0.18147897720336914,0.0,12.95211330531907,12.95211330531907,4 7 11 14 16 19 21 22 25 27 30 34 37 38 40 42 44 46 47 60 65 69 72 74 75 77 79 82 86 89 91 95 96 97 101 104 105 106 107 112 114 116 119 120 123 124 126 127 128 130,
pib100.i,pib100,50,100.0,OK,2.0,4.8951987038301255,0.04895198703830125,0.08683300018310547,0.0,4.895198703830125,4.8951987038301255,1 2 3 4 5 6 7 8 9 10 11 12 13 14 15 18 19 20 22 23 24 27 28 30 33 34 35 37 41 45 46 47 48 51 53 54 56 60 62 63 64 70 75 77 81 85 86 94 97 99,
ruspini.i,ruspini,50,75.0,OK,2.0,2.0925398776721806,0.02790053170229574,0.04537200927734375,0.0,2.0925398776721806,2.0925398776721806,1 2 3 4 5 6 7 8 9 11 13 14 15 17 18 20 21 24 26 28 30 31 34 36 37 40 41 42 43 44 45 46 47 48 50 51 55 58 59 61 62 63 64 65 69 70 72 73 74 75,
sonar.I,sonar,50,208.0,OK,2.0,824.0181388828055,3.9616256677057957,0.5393741130828857,0.0,824.0181388828054,824.0181388828055,3 4 9 20 21 23 40 42 45 49 56 59 67 73 77 84 90 91 92 98 99 100 102 103 108 112 122 127 132 134 136 137 138 139 141 143 145 146 148 152 154 159 162 166 169 176 183 190 199 205,
spherical_4d3c.i,spherical_4d3c,50,400.0,OK,2.0,47.662877632259296,0.11915719408064823,4.67875599861145,0.0,47.66287763225928,47.662877632259296,7 18 25 28 30 42 52 53 79 80 104 109 110 123 138 141 150 156 164 181 185 190 193 195 200 203 213 226 227 228 238 239 254 260 262 274 301 303 304 306 313 316 320 326 346 348 356 370 378 381,
synthetic_control.i,synthetic_control,50,600.0,OK,2.0,3495.957880000096,5.826596466666826,10.267648935317993,3.5171926313914834e-05,3495.834920427144,3495.957880000096,3 15 17 99 104 107 118 127 136 144 155 167 183 195 249 251 268 269 294 299 319 342 345 346 357 360 372 380 384 388 397 423 465 499 501 506 516 525 532 534 539 542 556 564 570 572 573 582 599 600,
vowel2.i,vowel2,50,528.0,OK,2.0,75.58009258238383,0.1431441147393633,11.792814016342163,3.392294229932912e-05,75.57752868326418,75.58009258238383,7 10 23 24 25 39 67 75 79 95 98 101 104 110 125 145 158 164 171 177 224 232 233 250 251 259 287 295 312 327 335 352 355 372 376 400 409 428 434 438 443 448 469 471 484 488 489 505 513 516,
waveform.I,waveform,50,5000.0,FAILED_PROCESS,,,,,,,,,exitcode=-9
wdbc.I,wdbc,50,569.0,OK,2.0,1407.60295656343,2.4738189043294025,49.11900520324707,0.0,1407.6029565634299,1407.60295656343,1 4 7 15 23 55 65 69 79 105 119 123 153 156 168 177 178 191 205 212 213 214 224 246 272 279 287 303 321 340 341 343 357 366 394 398 406 429 434 435 453 462 468 474 486 488 505 513 522 546,
wine.i,wine,50,178.0,OK,2.0,236.02318615034295,1.325972955900803,0.35630297660827637,0.0,236.02318615034295,236.02318615034295,6 13 14 20 25 26 38 39 44 48 49 54 57 60 61 64 70 72 74 78 79 80 83 85 96 97 98 100 108 111 113 116 117 119 122 124 125 126 128 130 132 136 138 149 151 160 163 164 166 176,
yeast.i,yeast,50,1484.0,FAILED_PROCESS,,,,,,,,,exitcode=-9
